{"cameraMode":{"drawMode":0,"name":"Shaded","section":"Shading Mode"},"sceneLighting":false,"audioPlay":false,"sceneViewState":{"m_AlwaysRefresh":false,"showFog":true,"showSkybox":false,"showFlares":true,"showImageEffects":true,"showParticleSystems":true,"showVisualEffectGraphs":true,"m_FxEnabled":true},"in2DMode":false,"pivot":{"x":0.6707323789596558,"y":0.3232440948486328,"z":0.00014662742614746094},"rotation":{"x":-0.004100227262824774,"y":0.9367860555648804,"z":-0.3497343361377716,"w":-0.01095646247267723},"size":0.8660253882408142,"orthographic":false}